CO2,H2S,Temperature,Humidity,timestamp,Methane,Pressure,External Temp,elapsed_sec,dP_dt_kPa_s,dP_dt_kPa_h,T_K,Q_STP_m3ph,CH4_frac,CH4_prod_m3ph,CH4_prod_Lph
4129,1092,32.625,99,00:24.9,2745,392.51,24.4,24.9,5.761616161616159,20741.818181818173,305.775,731.4580635927097,0.2745,200.7852384561988,200785.2384561988
978,60,31.375,99,00:45.0,493,446.81,25.7,45.0,0.0,0.0,304.525,0.0,0.0493,0.0,0.0
3250,1240,32.625,99,00:54.9,3189,446.81,24.8,54.9,0.0,0.0,305.775,0.0,0.3189,0.0,0.0
970,51,31.375,99,00:55.0,492,446.81,24.6,55.0,0.0,0.0,304.525,0.0,0.0492,0.0,0.0
5711,1405,32.625,99,01:24.9,3347,446.81,25.5,84.9,0.0,0.0,305.775,0.0,0.3347,0.0,0.0
400,620,34.0,99,02:11.1,1667,446.81,25.6,131.1,3.190163934426229,11484.590163934425,307.15,403.18982703064427,0.1667,67.2117441660084,67211.7441660084
2701,1360,32.625,99,02:24.9,2907,446.81,24.8,144.9,0.0025641025641002283,9.230769230760822,305.775,0.32552211806205417,0.2907,0.09462927972063916,94.62927972063916
400,620,34.0,99,02:49.7,1667,446.81,32.5,169.7,0.0,0.0,307.15,0.0,0.1667,0.0,0.0
997,61,31.375,99,02:55.0,502,446.81,32.8,175.0,150.60000000000858,542160.0000000309,304.525,19197.695747665042,0.0502,963.7243265327852,963724.3265327852
1154,510,32.625,99,03:04.9,1660,446.81,32.8,184.9,0.3288135593220332,1183.7288135593196,305.775,41.74407364847018,0.166,6.92951622564605,6929.51622564605
400,620,34.0,99,03:09.0,1667,446.81,25.6,189.0,28.564999999999998,102833.99999999999,307.15,3610.196104609206,0.1667,601.8196906383546,601819.6906383546
843,463,32.625,99,03:14.9,1486,446.81,32.8,194.9,0.0,0.0,305.775,0.0,0.1486,0.0,0.0
635,367,32.625,99,03:24.9,1286,446.81,24.5,204.9,39.34343434343432,141636.36363636353,305.775,4994.791650935489,0.1286,642.3302063103039,642330.2063103039
549,325,32.625,99,03:44.9,1137,446.81,24.7,224.9,20.8131313131313,74927.27272727268,305.775,2642.3024895385306,0.1137,300.4297930605309,300429.7930605309
547,319,32.625,99,03:54.9,1107,446.81,24.5,234.9,45.422222222222196,163519.9999999999,305.775,5766.515814101852,0.1107,638.353300621075,638353.3006210751
991,57,31.375,99,03:55.0,496,446.81,24.9,235.0,0.0,0.0,304.525,0.0,0.0496,0.0,0.0
463,305,32.625,99,04:04.9,1047,446.81,24.8,244.9,0.0,0.0,305.775,0.0,0.1047,0.0,0.0
504,304,32.625,99,04:14.9,1063,441.94,25.6,254.9,44.468686868686845,160087.27272727265,305.775,5645.46104340909,0.1063,600.1125089143864,600112.5089143864
996,57,31.25,99,04:15.0,498,446.81,32.8,255.0,48.70000000000282,175320.00000001013,304.4,6210.56909224818,0.0498,309.28634079395937,309286.3407939594
502,278,32.625,99,04:44.9,993,446.81,32.7,284.9,0.0,0.0,305.775,0.0,0.0993,0.0,0.0
1016,59,31.125,99,05:05.0,507,446.81,24.8,305.0,33.99999999999204,122399.99999997135,304.275,4337.702177719247,0.0507,219.9215004103658,219921.5004103658
400,240,32.625,99,05:24.9,913,446.81,24.8,324.9,0.0,0.0,305.775,0.0,0.0913,0.0,0.0
1026,61,31.25,99,05:25.0,511,446.81,25.0,325.0,0.0,0.0,304.4,0.0,0.0511,0.0,0.0
1022,52,31.25,99,05:35.1,501,446.81,25.4,335.1,0.0,0.0,304.4,0.0,0.0501,0.0,0.0
494,231,32.625,99,05:54.9,901,446.12,24.5,354.9,16.88282828282832,60778.181818181954,305.775,2143.336268388601,0.0901,193.11459778181296,193114.59778181295
1024,61,31.25,99,05:55.0,500,446.79,24.6,355.0,6.699999999998636,24119.99999999509,304.4,854.4314767567132,0.05,42.72157383783566,42721.57383783566
490,234,32.625,99,06:04.9,896,446.81,24.9,364.9,0.0020202020202001875,7.272727272720675,305.775,0.2564719718064679,0.0896,0.022979888673859524,22.979888673859524
1014,61,31.375,99,06:05.0,503,446.81,24.9,365.0,0.0,0.0,304.525,0.0,0.0503,0.0,0.0
452,167,32.875,99,06:44.8,794,446.81,32.375,404.8,35.526530612244855,127895.51020408148,306.025,4506.537361222826,0.0794,357.81906648109236,357819.06648109236
509,213,32.625,99,06:44.9,820,446.81,25.0,404.9,0.0,0.0,305.775,0.0,0.082,0.0,0.0
452,167,32.875,99,07:04.8,794,445.53,24.9,424.8,44.10412371134025,158774.8453608249,306.025,5594.604310183985,0.0794,444.2115822286084,444211.5822286084
514,194,32.625,99,07:04.9,830,446.81,25.7,424.9,12.800000000004662,46080.000000016786,305.775,1625.0064133678466,0.083,134.87553230953128,134875.5323095313
1030,62,31.5,99,07:05.0,501,446.81,24.8,425.0,0.0,0.0,304.65,0.0,0.0501,0.0,0.0
452,167,32.875,99,07:14.8,794,446.81,24.5,434.8,0.0,0.0,306.025,0.0,0.0794,0.0,0.0
523,202,32.625,99,07:14.9,832,446.81,24.7,434.9,0.0,0.0,305.775,0.0,0.0832,0.0,0.0
1030,62,31.5,99,07:15.0,510,446.81,32.625,435.0,0.0,0.0,304.65,0.0,0.051,0.0,0.0
452,167,32.875,99,07:24.8,794,446.81,24.8,444.8,0.0,0.0,306.025,0.0,0.0794,0.0,0.0
1036,896,32.75,99,07:34.8,2640,446.81,24.6,454.8,0.0,0.0,305.9,0.0,0.264,0.0,0.0
528,208,32.625,99,07:34.9,817,446.81,25.0,454.9,0.0,0.0,305.775,0.0,0.0817,0.0,0.0
639,1072,32.75,99,07:54.8,2941,446.81,25.1,474.8,0.005102040816327685,18.367346938779665,305.9,0.6474579028045336,0.2941,0.19041736921481334,190.41736921481333
1035,57,31.625,99,07:55.0,511,446.8,25.0,475.0,0.0,0.0,304.775,0.0,0.0511,0.0,0.0
910,675,32.75,99,08:04.8,2166,446.81,25.7,484.8,0.0010204081632643768,3.673469387751757,305.9,0.12949158056075952,0.2166,0.02804787634946051,28.04787634946051
400,421,32.75,99,08:14.8,1663,446.81,32.6,494.8,0.0,0.0,305.9,0.0,0.1663,0.0,0.0
400,370,32.75,99,08:24.8,1553,446.7,25.6,504.8,11.349999999999984,40859.99999999994,305.9,1440.3348505786375,0.1553,223.6840022948624,223684.0022948624
452,372,32.625,99,08:34.8,1490,446.81,25.2,514.8,2.201020408163275,7923.67346938779,305.775,279.4275218138699,0.149,41.63470075026661,41634.70075026661
548,192,32.625,99,08:34.9,802,446.81,24.4,514.9,0.0,0.0,305.775,0.0,0.0802,0.0,0.0
1016,59,31.625,99,08:35.0,495,446.81,25.5,515.0,0.0,0.0,304.775,0.0,0.0495,0.0,0.0
543,433,32.625,99,08:44.8,1744,446.81,24.8,524.8,0.0,0.0,305.775,0.0,0.1744,0.0,0.0
1028,55,31.625,99,08:45.0,494,446.81,32.6,525.0,26.299999999993975,94679.99999997832,304.775,3349.835595429748,0.0494,165.48187841422956,165481.87841422955
548,192,32.625,99,08:54.9,802,446.81,25.9,534.9,0.5999999999998863,2159.9999999995907,305.775,76.17217562657564,0.0802,6.1090084852513655,6109.0084852513655
1009,59,31.625,99,08:55.0,501,446.81,32.8,535.0,0.0,0.0,304.775,0.0,0.0501,0.0,0.0
705,1253,32.625,99,09:04.8,2679,446.81,25.1,544.8,0.0,0.0,305.775,0.0,0.2679,0.0,0.0
548,192,32.625,99,09:04.9,802,446.81,24.5,544.9,0.0,0.0,305.775,0.0,0.0802,0.0,0.0
1023,53,31.625,99,09:05.0,503,446.81,25.1,545.0,0.0,0.0,304.775,0.0,0.0503,0.0,0.0
1517,1253,32.625,99,09:14.8,2679,446.81,24.5,554.8,0.0,0.0,305.775,0.0,0.2679,0.0,0.0
548,192,32.625,99,09:34.9,802,446.81,24.9,574.9,0.2797979797979786,1007.2727272727229,305.775,35.52136809522787,0.0802,2.848813721237275,2848.813721237275
993,53,31.625,99,09:35.0,496,446.81,24.5,575.0,0.0,0.0,304.775,0.0,0.0496,0.0,0.0
1517,688,32.625,99,09:35.1,2398,446.81,25.0,575.1,0.0,0.0,305.775,0.0,0.2398,0.0,0.0
1517,688,32.625,99,09:44.8,2398,446.81,24.8,584.8,0.0,0.0,305.775,0.0,0.2398,0.0,0.0
999,57,31.625,99,09:45.0,498,446.81,24.6,585.0,29.19999999999352,105119.99999997667,304.775,3719.209102150165,0.0498,185.21661328707822,185216.61328707822
548,192,32.625,99,10:04.9,802,446.81,24.9,604.9,23.799999999994544,85679.99999998035,305.775,3021.4962998540464,0.0802,242.3240032482945,242324.0032482945
991,53,31.5,99,10:05.0,488,446.81,24.8,605.0,0.0,0.0,304.65,0.0,0.0488,0.0,0.0
434,688,32.5,99,10:24.8,2398,446.81,24.5,624.8,0.05510204081632888,198.36734693878395,305.65,6.998264755939804,0.2398,1.6781838884743652,1678.1838884743652
998,58,31.5,99,10:25.0,486,446.81,32.5,625.0,0.09999999999988632,359.9999999995907,304.65,12.742243559381857,0.0486,0.6192730369859581,619.2730369859581
6012,1062,32.625,99,10:34.9,2969,446.81,24.7,634.9,8.09999999999818,29159.99999999345,305.775,1028.324370958735,0.2969,305.3095057376484,305309.5057376484
994,49,31.5,99,10:45.1,484,446.81,25.4,645.1,4.499999999998863,16199.999999995907,304.65,573.4009601726906,0.0484,27.752606472358224,27752.606472358224
617,446,32.5,99,10:54.8,1786,446.81,25.6,654.8,0.0,0.0,305.65,0.0,0.1786,0.0,0.0
687,1151,32.5,99,11:14.8,3171,446.81,32.0,674.8,19.351020408163354,69663.67346938807,305.65,2457.6869042895814,0.3171,779.3325173502262,779332.5173502262
1827,976,32.5,99,11:34.8,2758,446.81,32.7,694.8,26.77448979591849,96388.16326530656,305.65,3400.5086839092137,0.2758,937.8602950221612,937860.2950221612
4569,1463,32.625,99,11:34.9,3170,446.81,24.8,694.9,0.0,0.0,305.775,0.0,0.317,0.0,0.0
1002,59,31.5,99,11:45.0,485,446.81,25.2,705.0,0.0,0.0,304.65,0.0,0.0485,0.0,0.0
968,532,32.5,99,12:04.8,1933,445.59,25.6,724.8,14.962244897959252,53864.08163265331,305.65,1900.2880762285454,0.1933,367.32568513497785,367325.68513497786
4612,1334,32.625,99,12:04.9,3082,446.81,24.7,724.9,12.199999999997498,43919.99999999099,305.775,1548.834237740347,0.3082,477.3507120715749,477350.7120715749
1021,59,31.5,99,12:05.0,495,446.81,25.2,725.0,0.0,0.0,304.65,0.0,0.0495,0.0,0.0
968,532,32.5,99,12:24.8,1933,446.81,25.0,744.8,0.0,0.0,305.65,0.0,0.1933,0.0,0.0
1016,48,31.625,99,12:25.0,495,446.81,25.7,745.0,59.79999999998658,215279.9999999517,304.775,7616.736448923949,0.0495,377.0284542217355,377028.4542217355
968,532,32.5,99,12:44.8,1933,421.66,24.9,764.8,38.87857142857161,139962.8571428578,305.65,4937.7941752972665,0.1933,954.4756140849616,954475.6140849616
968,532,32.5,99,12:54.8,1933,446.81,25.5,774.8,0.017346938775511907,62.448979591842864,305.65,2.203157423166357,0.1933,0.42587032989805684,425.87032989805687
968,532,32.5,99,13:14.8,1933,446.81,31.625,794.8,2.9938775510204194,10777.95918367351,305.65,380.2390517393813,0.1933,73.5002087012224,73500.20870122241
2370,1482,32.625,99,13:14.9,3113,446.81,25.0,794.9,0.0,0.0,305.775,0.0,0.3113,0.0,0.0
968,532,32.5,99,13:24.8,1933,446.53,32.6,804.8,37.15816326530629,133769.38775510265,305.65,4719.2927979173755,0.1933,912.2392978374287,912239.2978374287
4078,1307,32.625,99,13:24.9,3126,446.81,24.6,804.9,2.7999999999996588,10079.999999998772,305.775,355.47015292404365,0.3126,111.11996980405604,111119.96980405605
1014,62,31.625,99,13:25.0,496,446.81,32.3,805.0,0.0,0.0,304.775,0.0,0.0496,0.0,0.0
968,532,32.5,99,13:44.8,1933,446.81,32.6,824.8,1.8867346938775607,6792.244897959218,305.65,239.62576914318913,0.1933,46.31966117537846,46319.66117537846
5431,1303,32.625,99,13:44.9,3008,446.81,25.3,824.9,0.0,0.0,305.775,0.0,0.3008,0.0,0.0
968,532,32.5,99,13:54.8,1933,446.81,24.8,834.8,2.0908163265306228,7526.938775510242,305.65,265.5452682392615,0.1933,51.32990035064924,51329.90035064924
536,607,32.375,99,14:34.8,1990,446.81,24.9,874.8,0.00714285714285648,25.714285714283328,305.525,0.9075536255788598,0.199,0.18060317149019312,180.60317149019312
828,304,32.625,99,14:45.1,1227,446.81,24.8,885.1,0.0,0.0,305.775,0.0,0.1227,0.0,0.0
458,241,32.625,99,14:54.9,997,446.81,35.125,894.9,0.0,0.0,305.775,0.0,0.0997,0.0,0.0
1026,48,31.5,99,14:55.0,495,446.81,24.4,895.0,0.0,0.0,304.65,0.0,0.0495,0.0,0.0
797,605,32.375,99,15:04.8,1984,446.81,24.8,904.8,20.51935483870978,73869.67741935521,305.525,2607.138082977667,0.1984,517.2561956627692,517256.1956627692
554,467,32.875,99,15:34.8,1577,24.46,25.1,934.8,2.9979591836734834,10792.65306122454,306.025,380.29086532837607,0.1577,59.97186946228491,59971.86946228491
410,442,33.375,99,16:04.8,1680,437.79,25.1,964.8,21.21122448979602,76360.40816326567,306.525,2686.253063527913,0.168,451.2905146726894,451290.51467268943
470,372,33.625,99,16:24.8,1411,446.81,25.1,984.8,45.31632653061246,163138.77551020484,306.775,5734.318579609025,0.1411,809.1123515828334,809112.3515828334
1029,63,31.625,99,16:25.0,496,446.81,24.5,985.0,10.999999999997726,39599.999999991815,304.775,1401.0719220428919,0.0496,69.49316733332743,69493.16733332744
416,365,33.75,99,16:34.8,1359,446.81,31.875,994.8,0.0,0.0,306.9,0.0,0.1359,0.0,0.0
460,157,32.125,99,16:34.9,752,446.81,24.5,994.9,0.0,0.0,305.275,0.0,0.0752,0.0,0.0
402,371,33.875,99,16:44.8,1255,446.81,32.6,1004.8,42.28367346938795,152221.22448979662,307.025,5346.210504241221,0.1255,670.9494182822733,670949.4182822733
514,165,32.125,99,16:44.9,762,446.81,25.6,1004.9,0.0,0.0,305.275,0.0,0.0762,0.0,0.0
427,320,34.0,99,16:54.8,1225,446.81,25.1,1014.8,0.38469387755102036,1384.8979591836733,307.15,48.61965125859285,0.1225,5.955907279177624,5955.907279177624
501,154,32.125,99,16:54.9,741,446.81,31.875,1014.9,0.0,0.0,305.275,0.0,0.0741,0.0,0.0
432,311,34.0,99,17:04.8,1166,446.81,31.625,1024.8,0.7489795918367356,2696.326530612248,307.15,94.66001067322864,0.1166,11.037357244498459,11037.357244498458
423,311,34.125,99,17:14.8,1166,446.81,24.8,1034.8,0.0,0.0,307.275,0.0,0.1166,0.0,0.0
498,137,32.125,99,17:14.9,704,446.81,25.4,1034.9,0.0,0.0,305.275,0.0,0.0704,0.0,0.0
423,270,34.125,99,17:24.8,1105,446.81,24.8,1044.8,30.490816326530755,109766.93877551072,307.275,3852.023332006973,0.1105,425.6485781867705,425648.5781867705
448,250,34.25,99,17:44.8,1066,446.81,31.625,1064.8,0.0,0.0,307.4,0.0,0.1066,0.0,0.0
559,131,32.0,99,17:44.9,683,446.81,25.3,1064.9,0.0,0.0,305.15,0.0,0.0683,0.0,0.0
419,247,34.375,99,17:54.8,1010,446.81,25.9,1074.8,0.07448979591836954,268.16326530613037,307.525,9.4029351695988,0.101,0.9496964521294788,949.6964521294789
537,128,32.0,99,17:54.9,686,446.81,31.875,1074.9,0.0,0.0,305.15,0.0,0.0686,0.0,0.0
1028,55,31.75,99,17:55.0,497,446.81,25.4,1075.0,0.0,0.0,304.9,0.0,0.0497,0.0,0.0
400,222,34.5,99,18:24.8,946,446.37,32.6,1104.8,19.45204081632662,70027.34693877582,307.65,2454.4564871476487,0.0946,232.19158368416757,232191.58368416756
556,128,32.0,99,18:24.9,687,446.8,35.75,1104.9,4.299999999994202,15479.999999979127,305.15,547.0186908592136,0.0687,37.580184062027975,37580.184062027976
1033,61,31.75,99,18:35.1,490,446.81,25.0,1115.1,0.0,0.0,304.9,0.0,0.049,0.0,0.0
464,900,34.625,99,18:44.8,2898,446.81,24.5,1124.8,0.0,0.0,307.775,0.0,0.2898,0.0,0.0
1020,57,31.875,99,18:45.0,493,446.81,25.2,1125.0,18.400000000016483,66240.00000005934,305.025,2341.690379702443,0.0493,115.44533571933043,115445.33571933043
1747,900,34.75,99,18:54.8,2257,446.81,25.1,1134.8,0.0,0.0,307.9,0.0,0.2257,0.0,0.0
668,633,34.875,99,19:04.8,2588,446.81,32.7,1144.8,0.7122448979591889,2564.08163265308,308.025,89.76157518550033,0.2588,23.230295658007485,23230.295658007486
668,858,35.0,99,19:14.8,2588,446.81,32.7,1154.8,0.1785714285714294,642.8571428571458,308.15,22.49556396681877,0.2588,5.821851954612698,5821.851954612698
599,127,32.0,99,19:14.9,683,446.81,32.6,1154.9,0.0,0.0,305.15,0.0,0.0683,0.0,0.0
3834,1731,35.125,99,19:24.8,4095,9.86,25.4,1164.8,1.1459183673469442,4125.306122448999,308.275,144.2987133445204,0.4095,59.090323114581096,59090.32311458109
1040,53,31.875,99,19:25.0,494,446.81,31.625,1165.0,0.0,0.0,305.025,0.0,0.0494,0.0,0.0
1036,53,31.875,99,19:35.0,495,446.72,25.9,1175.0,40.900000000037515,147240.00000013504,305.025,5205.170463577823,0.0495,257.65593794710225,257655.93794710224
631,125,32.0,99,19:44.9,675,446.81,35.75,1184.9,7.699999999989314,27719.99999996153,305.15,979.5450975850647,0.0675,66.11929408699187,66119.29408699187
4074,1526,35.5,99,20:14.8,3902,446.81,25.0,1214.8,0.0,0.0,308.65,0.0,0.3902,0.0,0.0
632,118,32.0,99,20:14.9,668,446.81,25.7,1214.9,0.0,0.0,305.15,0.0,0.0668,0.0,0.0
1012,51,31.875,99,20:25.0,496,446.79,24.5,1225.0,19.20000000001762,69120.00000006343,305.025,2443.50300490695,0.0496,121.19774904338472,121197.74904338471
4644,1305,35.625,99,20:34.8,3583,446.81,24.8,1234.8,0.002040816326528766,7.346938775503557,308.775,0.2565717722842625,0.3583,0.09192966600945125,91.92966600945125
635,119,32.0,99,20:34.9,671,446.81,31.875,1234.9,0.0,0.0,305.15,0.0,0.0671,0.0,0.0
1036,59,31.875,99,20:35.0,499,446.81,24.8,1235.0,0.0,0.0,305.025,0.0,0.0499,0.0,0.0
3538,1535,35.625,99,20:44.8,3613,446.81,24.8,1244.8,0.0,0.0,308.775,0.0,0.3613,0.0,0.0
668,116,32.0,99,20:54.9,656,445.59,24.8,1254.9,21.79999999996976,78479.99999989114,305.15,2773.2575490070685,0.0656,181.9256952148637,181925.69521486372
1033,57,31.875,99,20:55.0,496,446.81,32.7,1255.0,12.200000000011368,43920.00000004093,305.025,1552.64253436798,0.0496,77.0110697046518,77011.0697046518
4692,1642,35.75,99,21:14.8,3842,446.81,25.3,1274.8,0.07857142857142708,282.8571428571375,308.9,9.874015979297564,0.3842,3.793596939246124,3793.596939246124
4692,1642,35.75,99,21:24.8,3842,446.81,25.1,1284.8,4.513265306122472,16247.7551020409,308.9,567.1788659277166,0.3842,217.91012028942873,217910.12028942874
653,112,31.875,99,21:24.9,655,446.81,32.375,1284.9,0.0,0.0,305.025,0.0,0.0655,0.0,0.0
1033,55,31.875,99,21:35.0,494,446.81,35.75,1295.0,0.0,0.0,305.025,0.0,0.0494,0.0,0.0
652,114,32.0,99,21:44.9,645,446.08,24.7,1304.9,24.999999999965894,89999.99999987721,305.15,3180.3412259256097,0.0645,205.13200907220184,205132.00907220185
1027,54,31.875,99,21:45.0,496,446.81,24.5,1305.0,7.300000000006821,26280.000000024556,305.025,929.040204990679,0.0496,46.080394167537676,46080.39416753768
4314,1427,35.75,99,21:54.8,3575,446.81,25.7,1314.8,0.0,0.0,308.9,0.0,0.3575,0.0,0.0
3517,1391,35.75,99,22:04.8,3727,446.81,24.8,1324.8,6.9897959183673795,25163.265306122565,308.9,878.4027202362325,0.3727,327.38069383204385,327380.69383204385
1032,58,31.875,99,22:05.0,496,446.81,25.7,1325.0,0.3000000000005684,1080.0000000020464,305.025,38.1797344517084,0.0496,1.8937148288047365,1893.7148288047365
3249,1616,35.75,99,22:14.8,3493,446.81,24.7,1334.8,0.0,0.0,308.9,0.0,0.3493,0.0,0.0
4674,1641,35.75,99,22:24.8,3531,446.81,25.7,1344.8,14.83402061855663,53402.47422680387,308.9,1864.1809024982242,0.3531,658.242276672123,658242.276672123
705,107,32.0,99,22:24.9,642,446.81,24.5,1344.9,0.0,0.0,305.15,0.0,0.0642,0.0,0.0
1048,54,32.0,99,22:25.0,496,446.81,24.8,1345.0,0.0,0.0,305.15,0.0,0.0496,0.0,0.0
1028,59,31.875,99,22:45.0,491,446.81,24.2,1365.0,0.40000000000056846,1440.0000000020464,305.025,50.906312602253756,0.0491,2.4994999487706595,2499.4999487706596
1043,46,32.0,99,22:55.0,496,446.81,25.1,1375.0,4.100000000003979,14760.000000014323,305.15,521.5759610530177,0.0496,25.87016766822968,25870.16766822968
2875,1357,35.75,99,23:04.8,3392,446.81,24.5,1384.8,0.0,0.0,308.9,0.0,0.3392,0.0,0.0
1036,61,32.0,99,23:15.0,498,446.81,32.625,1395.0,0.0,0.0,305.15,0.0,0.0498,0.0,0.0
4738,1393,35.75,99,23:34.8,3303,378.4,24.5,1414.8,16.77755102040824,60399.18367346966,308.9,2108.4229965144723,0.3303,696.4121157487301,696412.1157487301
764,92,31.875,99,23:54.9,613,446.81,25.0,1434.9,0.0,0.0,305.025,0.0,0.0613,0.0,0.0
1031,62,31.875,99,23:55.0,491,446.81,25.2,1435.0,0.0,0.0,305.025,0.0,0.0491,0.0,0.0
2492,1600,35.875,99,24:04.8,3282,446.81,24.7,1444.8,0.0,0.0,309.025,0.0,0.3282,0.0,0.0
782,91,31.875,99,24:04.9,603,446.81,25.2,1444.9,0.0,0.0,305.025,0.0,0.0603,0.0,0.0
3561,1467,35.875,99,24:14.8,3363,446.57,32.7,1454.8,13.226530612244959,47615.51020408185,309.025,1661.496423867609,0.3363,558.7612473466769,558761.2473466769
771,86,31.875,99,24:14.9,610,446.81,24.9,1454.9,2.3999999999968167,8639.99999998854,305.025,305.43787561268334,0.061,18.631710412373682,18631.710412373683
4028,1441,35.875,99,24:24.8,3338,446.81,25.6,1464.8,0.011224489795919812,40.40816326531132,309.025,1.4100031370580133,0.3338,0.4706590471499648,470.6590471499648
796,91,31.875,99,24:24.9,593,446.81,35.75,1464.9,0.0,0.0,305.025,0.0,0.0593,0.0,0.0
1983,1168,35.875,99,24:54.8,2347,446.81,25.9,1494.8,0.0,0.0,309.025,0.0,0.2347,0.0,0.0
983,53,31.875,99,25:05.0,482,446.81,25.7,1505.0,0.0,0.0,305.025,0.0,0.0482,0.0,0.0
985,54,31.875,99,25:15.0,480,446.81,31.375,1515.0,0.0,0.0,305.025,0.0,0.048,0.0,0.0
807,85,31.875,99,25:24.9,587,446.81,24.6,1524.9,0.8999999999985221,3239.9999999946795,305.025,114.53920335472009,0.0587,6.723451236922069,6723.451236922069
542,1102,35.875,99,25:34.8,1829,332.41,31.875,1534.8,17.715306122449064,63775.10204081663,309.025,2225.3694965873756,0.1829,407.020080925831,407020.080925831
982,51,31.875,99,25:35.0,487,446.81,24.8,1535.0,0.0,0.0,305.025,0.0,0.0487,0.0,0.0
818,80,31.875,99,25:44.9,575,446.68,24.8,1544.9,49.99999999993179,179999.99999975442,305.025,6363.289075263995,0.0575,365.88912182767973,365889.12182767974
991,50,31.75,99,25:45.0,480,446.81,25.1,1545.0,1.300000000001137,4680.000000004093,304.9,165.5133437351767,0.048,7.944640499288482,7944.640499288482
593,672,35.75,99,25:54.8,1559,446.81,24.4,1554.8,0.0,0.0,308.9,0.0,0.1559,0.0,0.0
816,75,31.875,99,25:54.9,567,446.81,32.5,1554.9,0.0,0.0,305.025,0.0,0.0567,0.0,0.0
512,689,35.75,99,26:04.8,1603,446.81,24.9,1564.8,0.010204081632655428,36.73469387755954,308.9,1.282339737571434,0.1603,0.20555905993270088,205.55905993270088
575,650,35.75,99,26:14.9,1446,446.81,32.5,1574.9,0.0010101010101000822,3.6363636363602962,308.9,0.12693868109278378,0.1446,0.018355333286016535,18.355333286016535
821,79,31.875,99,26:34.9,567,446.81,24.8,1594.9,6.899999999990564,24839.999999966032,305.025,878.1338923864286,0.0567,49.7901916983105,49790.191698310504
813,542,35.625,99,26:44.8,1423,446.81,25.1,1604.8,0.11836734693877861,426.122448979603,308.775,14.881162792501076,0.1423,2.1175894653729035,2117.5894653729033
813,537,35.625,99,26:54.8,1335,446.76,32.375,1614.8,0.052040816326529925,187.34693877550774,308.775,6.542580193254526,0.1335,0.8734344557994793,873.4344557994793
961,50,31.625,99,26:55.0,479,446.81,24.8,1615.0,5.100000000004547,18360.00000001637,304.775,649.5878911296905,0.0479,31.115259985112175,31115.259985112174
516,623,35.625,99,27:04.8,1589,446.81,24.8,1624.8,0.0,0.0,308.775,0.0,0.1589,0.0,0.0
825,73,31.875,99,27:04.9,562,446.81,24.8,1624.9,0.0,0.0,305.025,0.0,0.0562,0.0,0.0
830,647,35.625,99,27:14.8,1711,446.81,25.7,1634.8,45.390816326530825,163406.93877551096,308.775,5706.541073265613,0.1711,976.3891776357464,976389.1776357463
817,69,31.875,99,27:14.9,557,446.81,32.5,1634.9,0.0,0.0,305.025,0.0,0.0557,0.0,0.0
970,48,31.625,99,27:25.0,467,446.81,32.7,1645.0,105.2000000000955,378720.0000003438,304.775,13399.342381734225,0.0467,625.7492892269883,625749.2892269882
985,51,31.625,99,27:45.0,478,445.46,25.2,1665.0,67.9000000000614,244440.000000221,304.775,8648.434864256185,0.0478,413.3951865114457,413395.1865114457
647,369,35.625,99,27:54.8,1209,446.81,24.9,1674.8,0.13775510204081928,495.9183673469494,308.775,17.31859462920376,0.1209,2.093818090670734,2093.8180906707344
824,64,31.875,99,27:54.9,563,446.81,25.7,1674.9,0.0,0.0,305.025,0.0,0.0563,0.0,0.0
981,53,31.625,99,28:05.0,489,446.81,25.7,1685.0,0.0,0.0,304.775,0.0,0.0489,0.0,0.0
980,52,31.5,99,28:15.0,490,446.81,32.5,1695.0,20.400000000018757,73440.00000006752,304.65,2599.417686119244,0.049,127.37146661984296,127371.46661984296
410,316,35.625,99,28:24.8,995,446.81,24.8,1704.8,0.0,0.0,308.775,0.0,0.0995,0.0,0.0
834,67,31.875,99,28:24.9,564,446.81,24.8,1704.9,0.0,0.0,305.025,0.0,0.0564,0.0,0.0
414,307,35.625,99,28:34.8,967,446.81,25.6,1714.8,45.83775510204103,165015.9183673477,308.775,5762.730291395917,0.0967,557.2560191779852,557256.0191779851
833,66,31.875,99,28:34.9,546,446.81,32.5,1714.9,0.0,0.0,305.025,0.0,0.0546,0.0,0.0
976,55,31.625,99,28:35.0,481,446.81,30.4,1715.0,0.0,0.0,304.775,0.0,0.0481,0.0,0.0
465,304,35.5,99,28:44.8,955,446.81,24.6,1724.8,0.0,0.0,308.65,0.0,0.0955,0.0,0.0
478,295,35.5,99,28:54.8,909,436.82,24.4,1734.8,29.876530612245034,107555.51020408212,308.65,3757.603634204801,0.0909,341.5661703492164,341566.1703492164
520,276,35.5,99,29:04.8,896,446.81,24.5,1744.8,0.09183673469387565,330.61224489795234,308.65,11.550405651778528,0.0896,1.034916346399356,1034.9163463993561
843,70,31.875,99,29:04.9,550,446.81,32.375,1744.9,0.0,0.0,305.025,0.0,0.055,0.0,0.0
969,50,31.5,99,29:05.0,479,446.81,25.4,1745.0,0.0,0.0,304.65,0.0,0.0479,0.0,0.0
466,276,35.5,99,29:14.8,890,446.81,24.7,1754.8,0.0,0.0,308.65,0.0,0.089,0.0,0.0
834,65,31.875,99,29:14.9,540,446.81,24.6,1754.9,0.0,0.0,305.025,0.0,0.054,0.0,0.0
974,48,31.5,99,29:15.0,470,446.81,24.8,1755.0,0.0,0.0,304.65,0.0,0.047,0.0,0.0
515,273,35.5,99,29:44.8,937,446.81,25.1,1784.8,12.195918367346993,43905.306122449176,308.65,1533.8938705562273,0.0937,143.7258556711185,143725.8556711185
514,268,35.5,99,29:54.8,939,446.81,24.8,1794.8,0.0,0.0,308.65,0.0,0.0939,0.0,0.0
842,60,31.875,99,29:54.9,544,446.81,24.8,1794.9,0.0,0.0,305.025,0.0,0.0544,0.0,0.0
5184,859,35.5,99,30:04.8,2488,61.62,24.7,1804.8,4.502040816326551,16207.346938775585,308.65,566.2265526183129,0.2488,140.87716629143625,140877.16629143627
1015,54,31.5,99,30:05.0,482,446.81,24.8,1805.0,0.0,0.0,304.65,0.0,0.0482,0.0,0.0
5184,1616,35.625,99,30:14.8,3286,446.81,32.625,1814.8,0.0,0.0,308.775,0.0,0.3286,0.0,0.0
853,64,31.875,99,30:14.9,545,446.81,25.7,1814.9,0.0,0.0,305.025,0.0,0.0545,0.0,0.0
1030,54,31.5,99,30:15.0,478,446.81,25.8,1815.0,0.0,0.0,304.65,0.0,0.0478,0.0,0.0
5602,1390,35.625,99,30:24.8,3312,446.81,25.0,1824.8,0.0,0.0,308.775,0.0,0.3312,0.0,0.0
851,63,31.875,99,30:24.9,549,446.81,32.5,1824.9,0.0,0.0,305.025,0.0,0.0549,0.0,0.0
847,63,31.875,99,30:34.9,544,446.81,25.8,1834.9,0.0,0.0,305.025,0.0,0.0544,0.0,0.0
865,60,32.0,99,30:44.9,549,446.81,32.7,1844.9,0.0,0.0,305.15,0.0,0.0549,0.0,0.0
1038,53,31.5,99,30:45.0,478,446.81,24.8,1845.0,0.0,0.0,304.65,0.0,0.0478,0.0,0.0
3787,1426,35.625,99,30:54.8,3367,446.81,32.6,1854.8,0.0,0.0,308.775,0.0,0.3367,0.0,0.0
1048,51,31.5,99,30:55.0,491,446.81,32.7,1855.0,0.3000000000005684,1080.0000000020464,304.65,38.22673067826146,0.0491,1.8769324763026376,1876.9324763026375
1054,57,31.5,99,31:05.0,374,313.38,25.0,1865.0,32.70000000002956,117720.00000010642,304.65,4166.713643926371,0.0374,155.8350902828463,155835.0902828463
4159,1298,35.625,99,31:14.8,3421,418.94,25.5,1874.8,10.771428571428622,38777.14285714304,308.775,1354.1858141175687,0.3421,463.26696700962026,463266.9670096203
1045,55,31.5,99,31:15.0,487,446.81,24.8,1875.0,32.300000000029556,116280.0000001064,304.65,4115.7446696887855,0.0487,200.43676541384386,200436.76541384385
1053,52,31.5,99,31:25.0,479,446.81,24.6,1885.0,0.0,0.0,304.65,0.0,0.0479,0.0,0.0
4159,1298,35.625,99,31:34.8,3421,446.81,24.8,1894.8,0.0,0.0,308.775,0.0,0.3421,0.0,0.0
4461,1298,35.625,99,31:44.8,3421,445.46,24.8,1904.8,4.191752577319565,15090.309278350433,308.775,526.9878399930795,0.3421,180.28254006163252,180282.54006163252
861,69,31.875,99,32:05.0,539,446.81,32.7,1925.0,1.2499999999997158,4499.999999998977,305.025,159.08222688178074,0.0539,8.574532028927983,8574.532028927983
867,63,32.0,99,32:14.9,543,446.81,24.8,1934.9,0.0,0.0,305.15,0.0,0.0543,0.0,0.0
3604,1489,34.0,99,32:34.8,2928,445.76,24.7,1954.8,7.053061224489829,25391.020408163386,307.15,891.403261271606,0.2928,261.0028749003262,261002.87490032622
884,64,32.0,99,32:34.9,453,446.81,25.1,1954.9,10.49999999998579,37799.99999994884,305.15,1335.7433148887708,0.0453,60.50917216446132,60509.17216446132
3604,1489,34.0,99,32:44.8,2911,446.81,24.9,1964.8,20.523469387755195,73884.48979591871,307.15,2593.864842875551,0.2911,755.0740557610729,755074.0557610729
883,63,32.0,99,32:44.9,538,446.81,25.0,1964.9,0.0,0.0,305.15,0.0,0.0538,0.0,0.0
1072,46,31.5,99,32:45.1,472,446.81,24.8,1965.1,0.0,0.0,304.65,0.0,0.0472,0.0,0.0
4220,1323,33.75,99,32:54.8,2790,446.81,25.7,1974.8,0.0,0.0,306.9,0.0,0.279,0.0,0.0
4220,1067,33.625,99,33:04.8,2790,446.81,24.5,1984.8,0.1010204081632667,363.6734693877601,306.775,12.783101539772543,0.279,3.56648532959654,3566.48532959654
890,65,32.0,99,33:04.9,537,446.81,25.5,1984.9,0.0,0.0,305.15,0.0,0.0537,0.0,0.0
1877,1231,33.5,99,33:24.8,2843,446.66,24.7,2004.8,0.5081632653061267,1829.387755102056,306.65,64.32908624751092,0.2843,18.288759220167353,18288.759220167354
1101,48,31.5,99,33:25.1,494,446.81,24.8,2005.1,29.900000000027283,107640.00000009823,304.65,3809.9308242629836,0.0494,188.21058271859138,188210.58271859138
1084,51,31.5,99,33:35.1,495,346.33,31.25,2015.1,26.450000000023874,95220.00000008594,304.65,3370.323421463375,0.0495,166.83100936243707,166831.00936243706
2201,1458,33.25,99,33:44.8,3196,442.41,25.1,2024.8,9.905154639175215,35658.55670103078,306.4,1254.9302373945427,0.3196,401.07570387129584,401075.70387129585
1950,1458,33.25,99,34:04.8,3305,439.08,24.5,2044.8,13.295876288659729,47865.15463917502,306.4,1684.516576985575,0.3305,556.7327286937326,556732.7286937326
877,61,31.875,99,34:04.9,528,446.81,25.4,2044.9,77.29999999989472,278279.999999621,305.025,9837.64491035816,0.0528,519.4276512669109,519427.65126691083
888,62,31.875,99,34:14.9,527,446.81,25.8,2054.9,0.0,0.0,305.025,0.0,0.0527,0.0,0.0
4172,1361,33.125,99,34:24.9,3193,446.81,24.8,2064.9,2.4141414141413895,8690.909090909003,306.275,305.98366510206745,0.3193,97.70058426709012,97700.58426709012
3561,1535,33.0,99,34:34.8,3535,446.81,24.8,2074.8,9.114432989690467,32811.95876288568,306.15,1155.6929848002903,0.3535,408.53747012690263,408537.4701269026
4782,1107,33.0,99,34:44.8,3056,102.67,24.8,2084.8,11.437755102040605,41175.918367346174,306.15,1450.2858650937283,0.3056,443.20736037264334,443207.36037264334
3495,1358,33.0,99,34:54.8,3006,446.81,24.4,2094.8,0.0,0.0,306.15,0.0,0.3006,0.0,0.0
3412,1358,32.875,99,35:04.8,3006,446.8,24.4,2104.8,0.011224489795919551,40.408163265310385,306.025,1.4238255679416467,0.3006,0.428001965723259,428.001965723259
3760,1456,32.875,99,35:25.8,3390,446.81,32.8,2125.8,0.0,0.0,306.025,0.0,0.339,0.0,0.0
893,62,31.75,99,35:35.0,511,446.81,24.5,2135.0,0.0,0.0,304.9,0.0,0.0511,0.0,0.0
5169,1364,32.75,99,35:44.8,2849,446.81,25.0,2144.8,0.0,0.0,305.9,0.0,0.2849,0.0,0.0
884,61,31.875,99,35:44.9,509,446.81,24.7,2144.9,0.0,0.0,305.025,0.0,0.0509,0.0,0.0
2516,1310,32.75,99,36:04.8,2715,434.54,25.0,2164.8,9.379381443298707,33765.77319587534,305.9,1190.259909220591,0.2715,323.1555653533905,323155.5653533905
886,57,31.75,99,36:04.9,511,446.81,24.7,2164.9,122.70000000011142,441720.0000004011,304.9,15621.913289466818,0.0511,798.2797690917544,798279.7690917543
3811,1493,32.75,99,36:14.9,2715,291.18,24.8,2174.9,22.971428571428145,82697.14285714133,305.9,2915.1144615864187,0.2715,791.4535763207127,791453.5763207127
655,219,34.5,99,36:35.4,788,445.71,24.7,2195.4,14.333333333324491,51599.99999996817,307.65,1808.5785092996493,0.0788,142.51598653281235,142515.98653281236
4582,1130,32.625,99,36:44.8,2863,446.3,32.5,2204.8,0.0627659574468113,225.95744680852064,305.775,7.96836589001598,0.2863,2.281343154311575,2281.3431543115753
921,60,31.75,99,36:44.9,508,446.81,24.8,2204.9,5.100000000004547,18360.00000001637,304.9,649.3215792687813,0.0508,32.98553622685409,32985.536226854085
655,219,34.5,99,36:45.4,788,446.79,24.5,2205.4,2.6333333333318047,9479.999999994498,307.65,332.27372612715703,0.0788,26.183169618819974,26183.169618819975
916,53,31.75,99,36:54.9,511,446.81,32.6,2214.9,8.500000000007958,30600.00000002865,304.9,1082.2026321146839,0.0511,55.30055450106035,55300.554501060346
1057,54,31.375,99,36:55.1,487,446.81,31.625,2215.1,0.0,0.0,304.525,0.0,0.0487,0.0,0.0
655,219,34.5,99,36:55.4,788,446.81,25.2,2215.4,0.0,0.0,307.65,0.0,0.0788,0.0,0.0
922,57,31.75,99,37:04.9,510,440.18,24.8,2224.9,69.60000000006309,250560.00000022713,304.9,8861.329787668206,0.051,451.9278191710785,451927.8191710785
1052,57,31.375,99,37:05.1,496,446.81,25.5,2225.1,33.150000000030126,119340.00000010846,304.525,4225.787609798395,0.0496,209.5990654460004,209599.0654460004
961,490,32.625,99,37:14.8,1310,446.81,25.3,2234.8,22.35425531914872,80475.31914893539,305.775,2837.953770286386,0.131,371.7719439075166,371771.9439075166
918,55,31.75,99,37:14.9,496,446.81,25.0,2234.9,0.0,0.0,304.9,0.0,0.0496,0.0,0.0
1051,50,31.375,99,37:15.1,494,446.81,32.5,2235.1,0.0,0.0,304.525,0.0,0.0494,0.0,0.0
1066,58,31.375,99,37:25.1,497,446.81,25.9,2245.1,0.0,0.0,304.525,0.0,0.0497,0.0,0.0
1060,61,31.375,99,37:35.1,499,446.81,25.2,2255.1,0.0,0.0,304.525,0.0,0.0499,0.0,0.0
596,540,32.5,99,38:04.8,1426,446.81,35.125,2284.8,0.5567010309278171,2004.1237113401414,305.65,70.7041181527886,0.1426,10.082407248587653,10082.407248587653
971,64,31.75,99,38:04.9,511,446.81,32.0,2284.9,0.0,0.0,304.9,0.0,0.0511,0.0,0.0
1046,52,31.5,99,38:05.1,487,446.81,24.7,2285.1,0.0,0.0,304.65,0.0,0.0487,0.0,0.0
643,402,32.625,99,38:14.8,1232,446.81,32.7,2294.8,0.0,0.0,305.775,0.0,0.1232,0.0,0.0
400,333,32.5,99,38:24.9,1124,389.66,24.5,2304.9,21.340816326530216,76826.93877550878,305.65,2710.4020204762246,0.1124,304.6491871015277,304649.1871015277
1047,60,31.375,99,38:25.1,497,446.81,25.6,2305.1,0.0,0.0,304.525,0.0,0.0497,0.0,0.0
962,59,31.875,99,38:34.9,505,446.81,32.5,2314.9,0.0,0.0,305.025,0.0,0.0505,0.0,0.0
1065,59,31.375,99,38:35.1,495,446.81,24.4,2315.1,0.0,0.0,304.525,0.0,0.0495,0.0,0.0
400,272,32.5,99,39:14.8,901,446.81,24.9,2354.8,1.3309278350515115,4791.340206185441,305.65,169.0352158060197,0.0901,15.230072944122375,15230.072944122374
1010,63,31.875,99,39:14.9,509,446.81,24.4,2354.9,0.0,0.0,305.025,0.0,0.0509,0.0,0.0
1028,52,31.375,99,39:15.1,496,446.81,25.5,2355.1,0.0,0.0,304.525,0.0,0.0496,0.0,0.0
400,275,32.5,99,39:24.8,919,446.81,24.7,2364.8,0.0,0.0,305.65,0.0,0.0919,0.0,0.0
400,257,32.5,99,39:34.8,879,446.8,24.5,2374.8,12.71752577319552,45783.092783503875,305.65,1615.1962991348223,0.0879,141.9757546939509,141975.7546939509
1027,54,31.875,99,39:34.9,523,446.81,25.0,2374.9,0.1,360.0,305.025,12.726578150545354,0.0523,0.665600037273522,665.600037273522
1038,53,31.375,99,39:35.1,463,446.81,24.5,2375.1,0.0,0.0,304.525,0.0,0.0463,0.0,0.0
400,235,32.5,99,39:54.9,834,287.38,25.2,2394.9,9.544897959183496,34361.63265306059,305.65,1212.2549727232765,0.0834,101.10206472512127,101102.06472512126
1030,59,31.375,99,39:55.1,487,446.81,32.3,2395.1,0.0,0.0,304.525,0.0,0.0487,0.0,0.0
400,198,32.5,99,40:14.8,752,446.81,24.9,2414.8,40.08865979381331,144319.1752577279,305.65,5091.482108313609,0.0752,382.8794545451834,382879.4545451834
1024,62,31.375,99,40:15.1,493,446.81,24.2,2415.1,154.4000000001404,555840.0000005055,304.525,19682.09975725106,0.0493,970.3275180324772,970327.5180324772
400,189,32.5,99,40:34.8,750,446.81,25.5,2434.8,29.938144329896062,107777.31958762583,305.65,3802.310353994425,0.075,285.1732765495819,285173.2765495819
1038,61,31.75,99,40:44.9,525,446.81,25.0,2444.9,15.860204081632359,57096.73469387649,304.9,2019.2887768238259,0.0525,106.01266078325085,106012.66078325085
413,192,32.5,99,40:54.8,789,446.81,24.6,2454.8,39.31030927834941,141517.11340205788,305.65,4992.62727645184,0.0789,393.91829211205015,393918.29211205017
1053,57,31.75,99,41:04.9,511,446.81,25.0,2464.9,105.2000000000955,378720.0000003438,304.9,13393.849046877822,0.0511,684.4256862954567,684425.6862954567
400,186,32.375,99,41:14.8,752,446.81,25.6,2474.8,39.31030927834941,141517.11340205788,305.525,4994.669919147385,0.0752,375.5991779198834,375599.1779198834
1053,57,31.75,99,41:14.9,527,446.81,25.2,2474.9,0.0,0.0,304.9,0.0,0.0527,0.0,0.0
400,176,32.5,99,41:24.8,720,446.81,25.2,2484.8,39.31030927834941,141517.11340205788,305.65,4992.62727645184,0.072,359.4691639045324,359469.16390453244
1059,57,31.75,99,41:24.9,527,446.81,31.625,2484.9,0.0,0.0,304.9,0.0,0.0527,0.0,0.0
1043,62,31.375,99,41:35.1,496,446.81,32.8,2495.1,0.05,180.0,304.525,6.37373696801592,0.0496,0.31613735361358963,316.13735361358965
1032,53,31.375,99,41:45.1,502,446.81,24.4,2505.1,0.0,0.0,304.525,0.0,0.0502,0.0,0.0
400,165,32.5,99,41:54.9,707,446.81,31.875,2514.9,0.0,0.0,305.65,0.0,0.0707,0.0,0.0
1063,60,31.75,99,42:14.9,526,446.81,32.5,2534.9,22.131632653060816,79673.87755101893,304.9,2817.7542482488557,0.0526,148.2138734578898,148213.8734578898
428,152,32.375,99,42:24.8,688,446.81,32.6,2544.8,0.27113402061854863,976.082474226775,305.525,34.449612880222396,0.0688,2.3701333661593007,2370.1333661593007
1065,56,31.75,99,42:24.9,511,446.81,32.6,2544.9,0.0,0.0,304.9,0.0,0.0511,0.0,0.0
1030,37,31.25,99,42:25.1,496,446.81,25.2,2545.1,0.0,0.0,304.4,0.0,0.0496,0.0,0.0
1054,63,31.875,99,42:34.9,523,446.81,25.0,2554.9,0.1,360.0,305.025,12.726578150545354,0.0523,0.665600037273522,665.600037273522
1044,64,31.25,99,42:35.1,498,446.81,24.4,2555.1,0.0,0.0,304.4,0.0,0.0498,0.0,0.0
1028,58,31.25,99,42:45.1,499,446.81,25.5,2565.1,119.50000000010857,430200.00000039086,304.4,15239.486786946385,0.0499,760.4503906686247,760450.3906686247
518,117,32.375,99,42:54.8,701,446.81,25.3,2574.8,0.0,0.0,305.525,0.0,0.0701,0.0,0.0
1052,50,31.875,99,42:54.9,528,446.81,25.1,2574.9,0.0,0.0,305.025,0.0,0.0528,0.0,0.0
1047,57,31.25,99,42:55.1,496,446.81,24.8,2575.1,0.0,0.0,304.4,0.0,0.0496,0.0,0.0
1042,53,31.375,99,43:05.1,502,446.81,25.7,2585.1,0.0,0.0,304.525,0.0,0.0502,0.0,0.0
1044,60,31.25,99,43:25.1,496,446.81,32.5,2605.1,110.70000000010062,398520.0000003622,304.4,14117.248429413938,0.0496,700.2155220989313,700215.5220989313
6741,1495,32.375,99,43:34.8,3435,446.77,32.625,2614.8,0.16874999999999407,607.4999999999786,305.525,21.4409544043018,0.3435,7.364967837877669,7364.967837877669
1077,54,31.875,99,43:35.0,511,446.81,25.2,2615.0,0.20000000000028423,720.0000000010232,305.025,25.453156301126878,0.0511,1.3006562869875835,1300.6562869875836
1074,60,31.875,99,43:44.9,529,446.81,25.2,2624.9,17.595918367346613,63345.30612244781,305.025,2239.3583023265305,0.0529,118.46205419307347,118462.05419307348
6941,1555,32.375,99,44:04.8,3600,446.81,24.7,2644.8,0.0,0.0,305.525,0.0,0.36,0.0,0.0
1104,55,31.875,99,45:24.9,526,446.81,24.4,2724.9,22.74081632653019,81866.93877550868,305.025,2894.1277618678414,0.0526,152.23112027424847,152231.12027424847
1112,55,31.875,99,45:35.0,523,443.89,25.0,2735.0,56.50000000005116,203400.00000018417,305.025,7190.516655064635,0.0523,376.0640210598804,376064.02105988044
1036,63,31.25,99,45:45.1,491,446.81,32.5,2745.1,0.0,0.0,304.4,0.0,0.0491,0.0,0.0
1053,60,31.25,99,45:55.1,510,446.81,24.7,2755.1,0.0,0.0,304.4,0.0,0.051,0.0,0.0
1061,55,31.375,99,46:05.1,503,446.81,32.5,2765.1,4.950000000004548,17820.00000001637,304.525,630.9999598341558,0.0503,31.739297979658033,31739.297979658033
3623,1491,32.375,99,46:14.8,3420,446.81,24.9,2774.8,0.0031250000000029605,11.250000000010658,305.525,0.39705471119116414,0.342,0.13579271122737815,135.79271122737816
1121,55,31.875,99,46:24.9,528,446.81,25.7,2784.9,38.90918367346867,140073.0612244872,305.025,4951.807667943223,0.0528,261.4554448674022,261455.4448674022
1042,46,31.25,99,46:35.1,496,446.81,25.5,2795.1,83.45000000007589,300420.0000002732,304.4,10642.135333645832,0.0496,527.8499125488332,527849.9125488332
4905,1559,32.375,99,46:44.9,3483,446.81,31.875,2804.9,0.0,0.0,305.525,0.0,0.3483,0.0,0.0
5068,1558,32.375,99,46:54.8,3491,441.94,25.0,2814.8,1.131958762886568,4075.0515463916445,305.525,143.82385909689853,0.3491,50.20890921072728,50208.90921072728
1157,57,31.875,99,46:54.9,527,446.15,24.5,2814.9,42.10000000003809,151560.0000001371,305.025,5357.889401384441,0.0527,282.36077145296,282360.77145296003
1036,64,31.25,99,46:55.1,505,446.81,24.5,2815.1,3.300000000003126,11880.000000011254,304.4,420.83938407468634,0.0505,21.252388895771663,21252.388895771663
4998,1493,32.375,99,47:14.8,3401,446.81,25.7,2834.8,0.0,0.0,305.525,0.0,0.3401,0.0,0.0
4998,1534,32.375,99,47:24.9,3408,446.81,25.2,2844.9,0.0,0.0,305.525,0.0,0.3408,0.0,0.0
1021,61,31.25,99,47:25.1,507,446.81,24.7,2845.1,0.0,0.0,304.4,0.0,0.0507,0.0,0.0
5799,1520,32.375,99,47:34.9,3463,446.81,24.8,2854.9,0.0,0.0,305.525,0.0,0.3463,0.0,0.0
1023,63,31.25,99,47:35.1,501,446.8,24.8,2855.1,13.800000000012506,49680.00000004502,304.4,1759.8737879486162,0.0501,88.16967677622567,88169.67677622566
6463,1530,32.375,99,47:44.9,3450,446.81,25.4,2864.9,0.001020408163264359,3.6734693877516924,305.525,0.1296505179397288,0.345,0.04472942868920643,44.72942868920643
1013,59,31.25,99,47:45.1,496,446.81,25.9,2865.1,0.2,720.0,304.4,25.505417216623496,0.0496,1.2650686939445253,1265.0686939445252
3919,1427,32.5,99,48:24.9,3131,446.81,32.4,2904.9,7.5367346938774125,27132.244897958684,305.65,957.2071016179303,0.3131,299.70154351657396,299701.54351657396
1135,62,31.875,99,48:25.0,489,446.81,24.5,2905.0,0.0,0.0,305.025,0.0,0.0489,0.0,0.0
1151,58,31.875,99,48:35.0,511,446.81,25.9,2915.0,6.300000000005684,22680.000000020464,305.025,801.7744234850807,0.0511,40.97067304008762,40970.67304008762
1145,55,31.875,99,48:44.9,527,433.22,24.8,2924.9,4.752040816326447,17107.346938775212,305.025,604.7721882355987,0.0527,31.87149432001605,31871.494320016052
4154,1313,32.5,99,48:54.9,3280,446.81,24.8,2934.9,0.0,0.0,305.65,0.0,0.328,0.0,0.0
655,219,34.5,99,49:01.1,788,446.81,32.8,2941.1,0.0,0.0,307.65,0.0,0.0788,0.0,0.0
1021,58,31.125,99,49:05.1,496,446.81,25.8,2945.1,0.9500000000008526,3420.0000000030695,304.275,121.20050202464552,0.0496,6.011544900422417,6011.544900422417
1018,55,31.125,99,49:15.1,493,446.81,25.4,2955.1,0.1,360.0,304.275,12.757947581530182,0.0493,0.6289668157694379,628.966815769438
655,219,31.5,99,49:40.2,788,446.42,32.8,2980.2,0.625490196078442,2251.7647058823914,304.65,79.70148422446084,0.0788,6.280476956887514,6280.4769568875145
4700,1293,32.5,99,49:44.9,3009,446.81,25.6,2984.9,0.0829787234042476,298.72340425529137,305.65,10.53875803672116,0.3009,3.171112293249397,3171.112293249397
1020,50,31.125,99,49:45.1,486,446.81,25.4,2985.1,143.10000000013017,515160.0000004686,304.275,18256.622989186297,0.0486,887.271877274454,887271.877274454
655,219,31.5,99,49:50.2,788,446.81,32.3,2990.2,0.0,0.0,304.65,0.0,0.0788,0.0,0.0
4700,1293,32.5,99,49:54.9,3009,446.81,25.0,2994.9,0.0,0.0,305.65,0.0,0.3009,0.0,0.0
439,864,31.625,99,50:00.2,2331,446.81,25.2,3000.2,2.2843137254902324,8223.529411764837,304.775,290.95343835656547,0.2331,67.8212464809154,67821.2464809154
1101,55,31.75,99,50:15.0,511,446.81,32.6,3015.0,0.0,0.0,304.9,0.0,0.0511,0.0,0.0
1112,57,31.75,99,50:24.9,510,446.81,32.5,3024.9,86.01739130434953,309662.60869565833,304.9,10951.558503190427,0.051,558.5294836627118,558529.4836627118
1034,48,31.125,99,50:35.1,495,446.81,24.8,3035.1,0.0,0.0,304.275,0.0,0.0495,0.0,0.0
808,649,31.625,99,50:50.3,3312,446.81,32.7,3050.3,0.0,0.0,304.775,0.0,0.3312,0.0,0.0
808,649,31.625,99,51:00.2,3312,446.81,32.7,3060.2,21.30980392156901,76715.29411764843,304.775,2714.2334489778195,0.3312,898.9541183014538,898954.1183014539
1074,63,31.75,99,51:04.9,506,446.81,25.3,3064.9,0.0,0.0,304.9,0.0,0.0506,0.0,0.0
1033,57,31.25,99,51:05.1,492,446.81,24.8,3065.1,0.1,360.0,304.4,12.752708608311748,0.0492,0.627433263528938,627.433263528938
1036,50,31.75,99,51:15.0,509,446.81,25.5,3075.0,0.0,0.0,304.9,0.0,0.0509,0.0,0.0
1030,62,31.25,99,51:15.8,493,446.81,25.0,3075.8,0.0,0.0,304.4,0.0,0.0493,0.0,0.0
1031,58,31.25,99,51:25.1,489,446.81,24.9,3085.1,0.0,0.0,304.4,0.0,0.0489,0.0,0.0
2341,833,31.625,99,51:30.2,2884,446.81,24.7,3090.2,0.0,0.0,304.775,0.0,0.2884,0.0,0.0
797,848,32.5,99,51:34.9,1890,446.81,24.8,3094.9,0.0,0.0,305.65,0.0,0.189,0.0,0.0
1552,778,32.5,99,51:44.9,1910,446.81,32.6,3104.9,0.0,0.0,305.65,0.0,0.191,0.0,0.0
1015,60,31.625,99,51:45.0,505,446.81,24.5,3105.0,0.0,0.0,304.775,0.0,0.0505,0.0,0.0
1013,53,31.625,99,51:54.9,510,446.81,25.7,3114.9,96.38936170212207,347001.70212763944,304.775,12277.129842227961,0.051,626.133621953626,626133.6219536259
1866,1103,31.75,99,52:00.2,2672,446.81,32.6,3120.2,0.007843137254906114,28.235294117662008,304.9,0.9985722095633158,0.2672,0.26681849439531796,266.81849439531794
1925,1125,31.625,99,52:20.2,2314,444.43,25.7,3140.2,5.907843137255006,21268.23529411802,304.775,752.4830126766809,0.2314,174.12456913338397,174124.56913338398
979,832,32.5,99,52:24.9,1893,444.55,25.5,3144.9,0.025531914893616506,91.91489361701943,305.65,3.242694780529824,0.1893,0.6138421219542957,613.8421219542956
1597,1584,31.625,99,52:30.3,3426,446.81,25.0,3150.3,0.0,0.0,304.775,0.0,0.3426,0.0,0.0
1011,461,32.5,99,52:34.9,1303,446.81,24.7,3154.9,0.0,0.0,305.65,0.0,0.1303,0.0,0.0
1025,55,31.625,99,52:35.0,503,446.81,25.0,3155.0,0.0,0.0,304.775,0.0,0.0503,0.0,0.0
1048,57,31.25,99,52:35.1,508,446.81,25.4,3155.1,0.0,0.0,304.4,0.0,0.0508,0.0,0.0
596,441,32.5,99,52:44.9,1337,446.8,24.5,3164.9,1.9170212765956314,6901.2765957442725,305.65,243.47233310477145,0.1337,32.552250936107946,32552.250936107946
1022,53,31.625,99,52:45.0,510,446.81,32.6,3165.0,0.1,360.0,304.775,12.737017473119831,0.051,0.6495878911291113,649.5878911291113
1045,56,31.25,99,52:45.1,503,446.81,24.5,3165.1,0.0,0.0,304.4,0.0,0.0503,0.0,0.0
1463,1623,31.75,99,52:50.3,3569,446.81,25.2,3170.3,0.0,0.0,304.9,0.0,0.3569,0.0,0.0
1055,53,31.25,99,52:55.1,496,446.81,24.7,3175.1,0.0,0.0,304.4,0.0,0.0496,0.0,0.0
449,383,32.5,99,53:04.9,1095,446.81,25.9,3184.9,4.589361702127392,16521.702127658613,305.65,582.8743868002136,0.1095,63.824745354623396,63824.745354623396
2302,1317,31.625,99,53:10.3,3342,439.47,25.2,3190.3,14.326923076922325,51576.92307692037,304.775,1824.822695668034,0.3342,609.8557448922569,609855.7448922569
400,342,32.5,99,53:24.9,1040,446.81,25.9,3204.9,58.2148936170179,209573.61702126445,305.65,7393.614324172763,0.104,768.9358897139673,768935.8897139673
2302,1317,31.75,99,53:30.2,3342,446.81,24.7,3210.2,4.45098039215694,16023.529411764985,304.9,566.6897289268916,0.3342,189.38770740736717,189387.70740736718
400,314,32.5,99,53:34.9,1033,446.81,24.5,3214.9,0.0,0.0,305.65,0.0,0.1033,0.0,0.0
1025,55,31.625,99,53:35.0,508,446.81,32.375,3215.0,0.0,0.0,304.775,0.0,0.0508,0.0,0.0
1049,62,31.25,99,53:35.1,505,446.81,24.5,3215.1,0.0,0.0,304.4,0.0,0.0505,0.0,0.0
898,1334,31.75,99,53:40.2,3409,446.81,25.7,3220.2,0.0,0.0,304.9,0.0,0.3409,0.0,0.0
400,279,32.5,99,53:44.9,953,446.81,24.5,3224.9,0.0,0.0,305.65,0.0,0.0953,0.0,0.0
1080,78,31.25,99,53:55.1,509,446.81,24.7,3235.1,56.800000000051725,204480.0000001862,304.4,7243.538489527669,0.0509,368.6961091169584,368696.1091169584
560,610,31.75,99,54:00.2,1623,446.81,24.9,3240.2,0.0,0.0,304.9,0.0,0.1623,0.0,0.0
1019,55,31.625,99,54:05.0,508,446.81,30.4,3245.0,1.300000000001137,4680.000000004093,304.775,165.5812271507026,0.0508,8.411526339255692,8411.526339255692
400,610,31.75,99,54:10.2,1623,446.81,24.8,3250.2,33.55882352941236,120811.76470588449,304.9,4272.640841666851,0.1623,693.4496086025299,693449.6086025299
400,251,32.5,99,54:14.9,898,446.81,24.4,3254.9,0.0,0.0,305.65,0.0,0.0898,0.0,0.0
400,610,31.75,99,54:20.3,1623,446.81,32.5,3260.3,0.0,0.0,304.9,0.0,0.1623,0.0,0.0
400,253,32.5,99,54:24.9,864,446.81,31.625,3264.9,0.0,0.0,305.65,0.0,0.0864,0.0,0.0
1002,59,31.625,99,54:25.0,498,446.81,24.8,3265.0,0.0,0.0,304.775,0.0,0.0498,0.0,0.0
400,237,32.5,99,54:34.9,851,446.77,32.5,3274.9,26.92765957446652,96939.57446807947,305.65,3419.962095198658,0.0851,291.0387743014058,291038.7743014058
400,620,34.0,99,54:40.6,1667,446.81,25.7,3280.6,0.0,0.0,307.15,0.0,0.1667,0.0,0.0
400,219,32.5,99,54:54.9,822,446.81,32.8,3294.9,20.752173913043883,74707.82608695798,305.65,2635.6411696053074,0.0822,216.64970414155624,216649.70414155626
403,223,32.5,99,55:04.9,820,446.81,32.5,3304.9,0.0,0.0,305.65,0.0,0.082,0.0,0.0
1012,57,31.625,99,55:05.0,496,446.81,32.8,3305.0,0.0,0.0,304.775,0.0,0.0496,0.0,0.0
409,221,32.5,99,55:14.9,816,442.63,25.7,3314.9,95.61914893616465,344228.9361701927,305.65,12144.162177648774,0.0816,990.96363369614,990963.63369614
420,208,32.5,99,55:24.9,809,446.81,24.8,3324.9,18.071428571427393,65057.14285713861,305.65,2295.1716449570476,0.0809,185.67938607702516,185679.38607702515
400,203,32.5,99,55:34.9,790,439.08,25.7,3334.9,13.97391304347853,50306.08695652271,305.65,1774.7644498452662,0.079,140.20639153777603,140206.39153777604
402,198,32.5,99,55:44.9,779,446.81,30.4,3344.9,95.48260869565406,343737.39130435465,305.65,12126.820809910365,0.0779,944.6793410920174,944679.3410920174
400,620,34.0,99,55:50.3,1667,446.81,25.2,3350.3,0.0,0.0,307.15,0.0,0.1667,0.0,0.0
400,192,32.5,99,55:54.9,773,446.81,25.1,3354.9,0.0,0.0,305.65,0.0,0.0773,0.0,0.0
991,64,31.625,99,55:55.0,497,446.81,32.6,3355.0,0.0,0.0,304.775,0.0,0.0497,0.0,0.0
400,190,32.5,99,56:04.9,770,446.81,25.1,3364.9,45.268367346937936,162966.12244897656,305.65,5749.333691995158,0.077,442.69869428362716,442698.69428362715
999,57,31.625,99,56:05.0,506,446.81,35.75,3365.0,0.0,0.0,304.775,0.0,0.0506,0.0,0.0
1081,57,31.125,99,56:05.1,526,446.81,24.7,3365.1,0.0,0.0,304.275,0.0,0.0526,0.0,0.0
400,620,34.0,99,56:05.7,1667,446.81,25.1,3365.7,0.0,0.0,307.15,0.0,0.1667,0.0,0.0
998,63,31.625,99,56:15.6,498,445.53,24.8,3375.6,10.699999999999932,38519.99999999975,304.775,1362.8608696238132,0.0498,67.87047130726589,67870.47130726589
408,187,32.625,99,56:24.9,762,446.73,32.7,3384.9,0.12903225806451848,464.5161290322665,305.775,16.381113037976657,0.0762,1.2482408134938214,1248.2408134938214
1016,56,31.625,99,56:35.0,496,446.81,25.6,3395.0,0.0,0.0,304.775,0.0,0.0496,0.0,0.0
1072,63,31.125,99,56:35.1,511,446.81,24.8,3395.1,0.0,0.0,304.275,0.0,0.0511,0.0,0.0
1094,63,31.125,99,57:05.1,530,446.81,32.375,3425.1,0.1,360.0,304.275,12.757947581530182,0.053,0.6761712218210997,676.1712218210997
400,620,34.0,99,57:14.9,1667,446.81,24.8,3434.9,0.0,0.0,307.15,0.0,0.1667,0.0,0.0
1010,56,31.625,99,57:15.0,493,446.8,24.5,3435.0,37.60000000003411,135360.0000001228,304.775,4789.1185698974,0.0493,236.10354549594183,236103.54549594183
2486,1335,32.5,99,57:24.9,3155,446.81,25.1,3444.9,12.588775510203849,45319.59183673386,305.65,1598.844301741187,0.3155,504.43537719934454,504435.37719934457
1000,58,31.625,99,57:25.0,493,446.81,25.0,3445.0,0.0,0.0,304.775,0.0,0.0493,0.0,0.0
2277,1301,32.625,99,57:34.9,3061,446.81,24.7,3454.9,22.711224489795494,81760.40816326378,305.775,2883.272300886026,0.3061,882.5696513012126,882569.6513012126
1006,58,31.625,99,57:35.0,495,446.81,32.375,3455.0,0.0,0.0,304.775,0.0,0.0495,0.0,0.0
1068,64,31.25,99,57:35.1,511,446.81,24.5,3455.1,0.0,0.0,304.4,0.0,0.0511,0.0,0.0
400,620,34.0,99,57:44.4,1667,446.81,25.3,3464.4,0.051612903225807395,185.8064516129066,307.15,6.523112276330537,0.1667,1.0874028164643006,1087.4028164643005
2277,1301,32.625,99,57:44.9,3061,446.81,25.2,3464.9,0.0,0.0,305.775,0.0,0.3061,0.0,0.0
1008,53,31.5,99,57:45.0,494,446.81,31.875,3465.0,0.0,0.0,304.65,0.0,0.0494,0.0,0.0
1086,54,31.25,99,57:45.1,528,446.81,32.7,3465.1,0.0,0.0,304.4,0.0,0.0528,0.0,0.0
992,59,31.5,99,57:55.0,497,446.81,24.9,3475.0,25.000000000022737,90000.00000008185,304.65,3185.560889851983,0.0497,158.32237622564355,158322.37622564356
1068,62,31.25,99,57:55.1,526,446.81,32.6,3475.1,0.0,0.0,304.4,0.0,0.0526,0.0,0.0
994,57,31.5,99,58:05.0,495,446.81,24.4,3485.0,0.0,0.0,304.65,0.0,0.0495,0.0,0.0
400,620,34.0,99,58:14.3,1667,446.81,24.8,3494.3,0.0,0.0,307.15,0.0,0.1667,0.0,0.0
3256,1367,32.625,99,58:14.9,3151,446.81,25.0,3494.9,0.0,0.0,305.775,0.0,0.3151,0.0,0.0
400,620,34.0,99,58:44.3,1667,446.44,32.7,3524.3,44.484946236558265,160145.80645160977,307.15,5622.243291334593,0.1667,937.2279566654765,937227.9566654766
1010,62,31.5,99,58:45.0,499,446.81,24.8,3525.0,116.50000000010573,419400.0000003806,304.65,14844.713746710213,0.0499,740.7512159608397,740751.2159608396
4140,966,32.625,99,58:54.9,2257,446.81,32.625,3534.9,0.0,0.0,305.775,0.0,0.2257,0.0,0.0
4140,966,32.625,99,59:14.9,2257,446.8,25.7,3554.9,33.585858585858276,120909.09090908979,305.775,4263.846531286357,0.2257,962.3501621113309,962350.1621113309
1003,57,31.5,99,59:15.0,506,446.81,25.9,3555.0,0.1,360.0,304.65,12.742243559396343,0.0506,0.644757524105455,644.757524105455
4140,966,32.625,99,59:34.9,2257,446.81,24.5,3574.9,0.0,0.0,305.775,0.0,0.2257,0.0,0.0
1000,55,31.5,99,59:35.0,498,446.81,25.0,3575.0,0.0,0.0,304.65,0.0,0.0498,0.0,0.0
4140,966,32.625,99,59:44.9,2257,446.81,25.0,3584.9,0.0,0.0,305.775,0.0,0.2257,0.0,0.0
